app_name,total_packets,total_bytes,unique_dest_ips,dns_queries,uncommon_ports_used,many_unique_ips,high_dns_queries,ip_only_traffic,frequent_beaconing_detected,suspicious_user_agent,avg_packet_size,max_packet_size,min_packet_size,std_packet_size,skew_packet_size,unique_flows,avg_flow_duration,flow_entropy,avg_inter_arrival_time,max_inter_arrival_time,min_inter_arrival_time,label
0034521C28F6221782BC38C19C48BE1CC990ACF093F05A3DECB238A74979C183,7.508787170634276,16.341743635024933,1.791759469228055,0.0,0,0,0,1,0,0,8.833650536227447,11.088476294450217,4.110873864173311,9.825557479982283,0.31210206681328734,1.9459101490553132,0.008277116994064204,0.7416222551918926,0.008277116994064204,2.3073615655287694,0.0,1
0034489E79C54F396610063547633F9E876AEB724404D4003E8193C3AFCD3DB1,8.608495349823023,18.20898994626898,2.1972245773362196,0.0,0,0,0,1,1,0,9.600744829726777,11.088476294450217,3.8918202981106265,10.163565319064592,0.4487451111955787,2.5649493574615367,0.005501336031253796,0.7941867573008454,0.005501336031253796,2.2554209535988456,0.0,1
00321D0432363A4016BC9739DED6914BDC12889F48628F01C73E024F82B8DBDE,8.453401058328458,18.065214426473187,2.1972245773362196,0.0,0,0,0,1,0,0,9.612093467597319,11.088476294450217,3.8918202981106265,10.163355581950519,0.45296350712181876,2.4849066497880004,0.006509928527145544,0.7897156169855942,0.006509928527145544,1.8513374188475964,0.0,1
com_whatsapp,8.918917979908679,18.407027825574072,2.4849066497880004,0.0,0,0,0,1,0,0,9.488319411598054,11.088476294450217,3.8918202981106265,10.125977953658401,0.42209099660497723,2.8903717578961645,0.008471267739612369,0.8148158058600857,0.008471267739612369,2.9618522738634816,0.0,0
com_instagram_lite,7.822444729489319,15.143331700090144,2.6390573296152584,0.0,0,0,0,1,1,0,7.3219485185553825,11.071330462204312,3.8918202981106265,9.078467139272043,0.1509730049795279,3.091042453358316,0.0247230430434308,0.9900803685801001,0.0247230430434308,2.0770415439890577,0.0,0
com_facebook_katana,9.064157861798101,18.835801446413857,2.5649493574615367,0.0,0,0,0,1,1,0,9.771816363737605,11.088476294450217,3.044522437723423,10.222516586134978,0.4911018264003353,2.995732273553991,0.007315669678088738,0.7957996382067231,0.007315669678088738,2.388760216935927,0.0,0
